{
    "Process":{
        "0":"$B^+\\to K_1(1270)^+(\\to K^+\\pi^+\\pi^-)e^+e^-$",
        "1":"$B^+\\to K^{*+}(\\to K^+\\pi^0)e^+e^-$",
        "2":"$B^+\\to K^+e^+e^-$",
        "3":"$B_d\\to K^{*0}(\\to K^+\\pi^-)e^+e^-$",
        "4":"$B_s\\to \\phi(1020)e^+e^-$",
        "5":"$B^+\\to K_2(1430)^+(\\to X \\to K^+\\pi^+\\pi^-)e^+e^-$"
    },
    "Physical":{
        "0":0.17593,
        "1":0.1724989749,
        "2":0.16828,
        "3":0.1733904034,
        "4":0.17723,
        "5":0.17536
    },
    "LHCb":{
        "0":0.15514,
        "1":0.1610077108,
        "2":0.16828,
        "3":0.161199672,
        "4":0.169,
        "5":0.15334
    }
}