{
    "Process":{
        "0":"$B^+\\to K_1(1270)^+(\\to K^+\\pi^+\\pi^-)e^+e^-$",
        "1":"$B^+\\to K^{*+}(\\to K^+\\pi^0)e^+e^-$",
        "2":"$B_d\\to K^{*0}(\\to K^+\\pi^-)e^+e^-$",
        "3":"$B_s\\to \\phi(1020)e^+e^-$",
        "4":"$B^+\\to K_2(1430)^+(\\to X \\to K^+\\pi^+\\pi^-)e^+e^-$"
    },
    "Physical":{
        "0":0.17396,
        "1":0.1717223239,
        "2":0.1743204592,
        "3":0.17512,
        "4":0.17657
    },
    "LHCb":{
        "0":0.15457,
        "1":0.1597407663,
        "2":0.1624197452,
        "3":0.16687,
        "4":0.1534
    }
}