{
    "Process":{
        "0":"$B^+\\to K_1(1270)^+(\\to K^+\\pi^+\\pi^-)e^+e^-$",
        "1":"$B^+\\to K^{*+}(\\to K^+\\pi^0)e^+e^-$",
        "2":"$B_d\\to K^{*0}(\\to K^+\\pi^-)e^+e^-$",
        "3":"$B_s\\to \\phi(1020)e^+e^-$",
        "4":"$B^+\\to K_2(1430)^+(\\to X \\to K^+\\pi^+\\pi^-)e^+e^-$"
    },
    "Physical":{
        "0":0.17592,
        "1":0.1718506221,
        "2":0.1728672867,
        "3":0.17817,
        "4":0.17571
    },
    "LHCb":{
        "0":0.15541,
        "1":0.1606092731,
        "2":0.1616261626,
        "3":0.17015,
        "4":0.15274
    }
}