{
    "Process":{
        "0":"$B^+\\to K_1(1270)^+(\\to K^+\\pi^+\\pi^-)e^+e^-$",
        "1":"$B^+\\to K^{*+}(\\to K^+\\pi^0)e^+e^-$",
        "2":"$B^+\\to K^+e^+e^-$",
        "3":"$B_d\\to K^{*0}(\\to K^+\\pi^-)e^+e^-$",
        "4":"$B_s\\to \\phi(1020)e^+e^-$",
        "5":"$B^+\\to K_2(1430)^+(\\to X \\to K^+\\pi^+\\pi^-)e^+e^-$"
    },
    "Physical":{
        "0":0.17429,
        "1":0.1747104826,
        "2":0.17081,
        "3":0.1746261939,
        "4":0.17922,
        "5":0.17833
    },
    "LHCb":{
        "0":0.1541,
        "1":0.162949777,
        "2":0.17081,
        "3":0.1631144672,
        "4":0.17062,
        "5":0.15542
    }
}