{
    "Process":{
        "0":"$B^+\\to K_1(1270)^+(\\to K^+\\pi^+\\pi^-)e^+e^-$",
        "1":"$B^+\\to K^{*+}(\\to K^+\\pi^0)e^+e^-$",
        "2":"$B_d\\to K^{*0}(\\to K^+\\pi^-)e^+e^-$",
        "3":"$B_s\\to \\phi(1020)e^+e^-$",
        "4":"$B^+\\to K_2(1430)^+(\\to X \\to K^+\\pi^+\\pi^-)e^+e^-$"
    },
    "Physical":{
        "0":0.17045,
        "1":0.1657215438,
        "2":0.1665233305,
        "3":0.16889,
        "4":0.16738
    },
    "LHCb":{
        "0":0.14962,
        "1":0.1546701071,
        "2":0.1548130963,
        "3":0.16088,
        "4":0.14545
    }
}