{
    "Process":{
        "0":"$B^+\\to K_1(1270)^+(\\to K^+\\pi^+\\pi^-)e^+e^-$",
        "1":"$B^+\\to K^{*+}(\\to K^+\\pi^0)e^+e^-$",
        "2":"$B^+\\to K^+e^+e^-$",
        "3":"$B_d\\to K^{*0}(\\to K^+\\pi^-)e^+e^-$",
        "4":"$B_s\\to \\phi(1020)e^+e^-$",
        "5":"$B^+\\to K_2(1430)^+(\\to X \\to K^+\\pi^+\\pi^-)e^+e^-$"
    },
    "Physical":{
        "0":0.16783,
        "1":0.1633347001,
        "2":0.16149,
        "3":0.1629932599,
        "4":0.16845,
        "5":0.16698
    },
    "LHCb":{
        "0":0.14757,
        "1":0.1519836785,
        "2":0.16149,
        "3":0.1518730375,
        "4":0.16082,
        "5":0.14466
    }
}